"Gene","Description","Phenotype","Treated_NewMP_1","Untreated_TwoTX_1","Treated_NewMP_2","Untreated_TwoTX_2","Treated_NewMP_3","Untreated_TwoTX_3","TreatedAvg","UntreatedAvg","FoldChange","padj"
"Tb927.10.13450","hypothetical protein, conserved","overrepresented",228.674892865709,13.1583410534635,233.408106911564,5.57238507215032,191.273172517242,28.6542997511738,217.785390764838,15.7950086255959,21.9801579196997,2.73171929526859e-05
"Tb927.10.14170","aquaglyceroporin 2 (AQP2)","overrepresented",98.1745613350164,18.7976300763765,90.1345427266559,8.35857760822548,110.310983091954,7.16357493779345,99.5400290512088,11.4399275407985,10.4683538129011,1.79014245146321e-05
"Tb927.10.15420","hypothetical protein, conserved","overrepresented",40.7065254315922,1.87976300763765,32.2870003796977,5.57238507215032,32.384875770115,7.16357493779345,35.1261338604683,4.87190767252714,10.6566716804594,0.0180335658647289
"Tb927.10.3250","hypothetical protein, conserved","overrepresented",19.7546373418021,1.87976300763765,25.5605419672606,1.39309626803758,31.3728484022989,7.16357493779345,25.5626759037872,3.47881140448956,11.0788716795449,0.00489627371054454
"Tb927.10.3690","rRNA dimethyltransferase, putative","overrepresented",40.1079000575982,1.87976300763765,41.7040421571095,8.35857760822548,57.6855599655173,14.3271498755869,46.4991673934083,8.18849683048334,10.1174535667955,0.0166657634854972
"Tb927.10.5540","hypothetical protein, conserved","overrepresented",46.6927791715322,11.2785780458259,51.793729775765,4.17928880411274,48.5773136551725,7.16357493779345,49.0212742008232,7.54048059591069,7.77135363393227,0.000868125050052138
"Tb927.10.6380","ring finger containing protein","overrepresented",95.7800598390404,18.7976300763765,105.605397075261,1.39309626803758,117.395174666667,7.16357493779345,106.260210526989,9.1181004274025,32.4297877357061,0.0243479333187969
"Tb927.11.12340","predicted Zinc finger, C3HC4 type (RING finger) protein","overrepresented",150.254968872495,5.63928902291294,125.784772312572,11.1447701443006,133.587612551724,7.16357493779345,136.542451245597,7.98254470166901,18.8596423122597,5.89854401531886e-08
"Tb927.11.4920","hypothetical protein, conserved","overrepresented",72.4336702532743,11.2785780458259,71.3004591718323,8.35857760822548,68.8178610114943,7.16357493779345,70.850663478867,8.93357686394827,8.1863617468013,0.000283269163595438
"Tb927.11.6090","tatD related deoxyribonuclease, putative","overrepresented",77.8212986192203,15.0381040611012,82.7354384729752,6.9654813401879,66.7938062758621,7.16357493779345,75.7835144560192,9.72238677969418,8.7923168214394,0.00252804235796907
"Tb927.11.8890","DNA-dependent RNA polymerases, putative (RPC19)","overrepresented",117.330573302824,26.3166821069271,164.798231104707,4.17928880411274,132.575585183908,7.16357493779345,138.23479653048,12.5531819496111,20.7991455311304,1.68753023254352e-05
"Tb927.11.9490","hypothetical protein, conserved","overrepresented",52.0804075374782,3.7595260152753,49.1031464107902,1.39309626803758,62.7456968045978,7.16357493779345,54.6430835842887,4.10539907370211,19.2864668075245,1.49429078478531e-05
"Tb927.11.9620.1","hypothetical protein, conserved","overrepresented",104.75944044895,9.39881503818824,100.896876186555,23.6826365566389,110.310983091954,7.16357493779345,105.322433242487,13.4150088442068,10.2684243940321,0.0277210595384494
"Tb927.3.3770","paraflagellar rod component, putative (PFC6)","overrepresented",55.6721597814422,13.1583410534635,59.8654798706894,9.75167387626306,69.8298883793104,7.16357493779345,61.7891760104807,10.02452995584,6.70594884998098,0.00413101390138695
"Tb927.3.5040","hypothetical protein, conserved","overrepresented",69.4405433833043,1.87976300763765,52.4663756170087,2.78619253607516,58.6975873333334,14.3271498755869,60.2015021112154,6.33103513976657,19.9563048893341,1.66380561513045e-05
"Tb927.3.5350","hypothetical protein, conserved","overrepresented",167.615104718321,9.39881503818824,166.143522787194,27.8619253607516,151.804105172414,7.16357493779345,161.854244225976,14.8081051122444,14.9959516778195,0.000437636297129671
"Tb927.3.5655","hypothetical protein","overrepresented",118.527824050812,24.4369190992894,133.183876566253,27.8619253607516,139.659776758621,28.6542997511738,130.457159125229,26.9843814037383,4.83481769248133,1.10397183489319e-07
"Tb927.4.2030","ALBA-Domain Protein (ALBA4)","overrepresented",163.424727100363,11.2785780458259,170.179397834656,18.1102514844885,142.695858862069,21.4907248133804,158.766661265696,16.9598514478983,10.175523317228,2.80442339785524e-06
"Tb927.4.390","hypothetical protein, conserved","overrepresented",73.6309210012623,13.1583410534635,66.5919382831264,15.3240589484134,80.9621894252874,7.16357493779345,73.728349569892,11.8819916465568,7.08108883249065,0.000916059126434348
"Tb927.4.5230","hypothetical protein, conserved","overrepresented",105.956691196938,22.5571560916518,113.677147170185,6.9654813401879,140.671804126437,28.6542997511738,120.101880831187,19.3923123943378,8.64219946923566,3.70296063496394e-05
"Tb927.5.1000","ubiquitin-conjugating enzyme e2, putative,ubiquitin carrier protein, putative,ubiquitin-protein ligase, putative","overrepresented",349.597218412497,86.4690983513318,291.255649258523,44.5790805772025,434.159740793104,14.3271498755869,358.337536154708,48.4584429347071,13.626592779049,0.000532778746503209
"Tb927.6.3000","fatty acid desaturase, putative,sphingolipid delta 4 desaturase, putative","overrepresented",76.6240478712323,13.1583410534635,99.5515845040677,5.57238507215032,77.9261073218392,7.16357493779345,84.7005798990464,8.63143368780243,11.5221664422179,2.73806934018206e-06
"Tb927.7.200","hypothetical protein, conserved","overrepresented",122.119576294776,13.1583410534635,104.932751234017,5.57238507215032,104.238818885058,14.3271498755869,110.43038213795,11.0192920004003,11.7957460470506,4.37831048255246e-08
"Tb927.7.4280","hypothetical protein, conserved","overrepresented",96.3786852130344,18.7976300763765,80.7175009492441,18.1102514844885,87.034353632184,7.16357493779345,88.0435132648208,14.6904854995528,7.24458266832076,0.000251404801092627
"Tb927.7.4390","threonine synthase, putative","overrepresented",76.6240478712323,3.7595260152753,88.7892510441685,13.9309626803758,92.0944904712645,21.4907248133804,85.8359297955551,13.0604045030105,10.3467124884497,0.0019094315667782
"Tb927.8.2780","RNA-binding protein RBP10, putative (RBP10)","overrepresented",29.9312686997001,1.87976300763765,24.8878961260169,1.39309626803758,29.3487936666667,7.16357493779345,28.0559861641279,3.47881140448956,12.6283362751261,0.00140904101475927
"Tb927.8.7560","hypothetical protein, conserved","overrepresented",79.0185493672083,18.7976300763765,58.520188188202,13.9309626803758,65.781778908046,7.16357493779345,67.7735054878188,13.2973892315152,5.86239561381185,0.000121215526921813
"Tb927.9.12290","Peroxin 19","overrepresented",243.640527215559,16.9178670687388,269.05833649748,58.5100432575783,256.042924057472,42.9814496267607,256.24726259017,39.469786651026,8.31897620633567,0.000235612567287963
"Tb927.9.13610","helicase, putative","overrepresented",75.4267971232443,18.7976300763765,76.6816259017819,5.57238507215032,75.902052586207,7.16357493779345,76.0034918704111,10.5111966954401,9.45637693819892,0.000819658117890527
"Tb927.9.13785","kinetoplastid membrane protein KMP-11","overrepresented",154.445346490453,15.0381040611012,133.856522407496,27.8619253607516,161.924378850575,21.4907248133804,150.075415916175,21.4635847450777,7.53638841039939,3.97246672776608e-09
"Tb927.9.13990","RNA-binding protein, putative (DRBD2)","overrepresented",35.9175224396401,1.87976300763765,33.6322920621851,2.78619253607516,49.5893410229886,7.16357493779345,39.7130518416046,3.94317682716875,12.7003204125751,0.00223485367917856
"Tb927.9.9870","MCAK-like kinesin, putative","overrepresented",112.541570310872,1.87976300763765,139.237689137446,1.39309626803758,117.395174666667,14.3271498755869,123.058144704995,5.86666971708738,56.0041139404328,1.18438299196398e-07
