"Gene","Description","Phenotype","Treated_TwoTX_1","Untreated_NewMP_1","Treated_TwoTX_2","Untreated_NewMP_2","Treated_TwoTX_3","Untreated_NewMP_3","TreatedAvg","UntreatedAvg","FoldChange","padj"
"Tb927.1.100","RNA polymerase (pseudogene), putative","overrepresented",122.184595496447,9.57800598390404,45.9721768452401,2.6905833649748,300.870147387325,6.07216420689656,156.342306576337,6.1135845185918,26.4640636997261,1.62372132706858e-08
"Tb927.1.1020","leucine-rich repeat-containing protein","overrepresented",2565.87650542539,148.459092750513,1558.87472393405,133.183876566253,988.573341415497,132.575585183908,1704.44152359165,138.072851500225,12.1482494698264,5.1654694330599e-15
"Tb927.1.1500","conserved protein, unknown function","overrepresented",1007.55297209378,150.254968872495,1356.8757650686,194.39464811943,4362.61713711621,232.766294597701,2242.34862475953,192.471970529875,10.8093684455768,1.61934868277966e-08
"Tb927.1.3310","hypothetical protein, conserved","overrepresented",4246.38463425345,232.865270483667,1781.77012682006,273.766857386186,6991.64913928641,276.283471413793,4339.93463345331,260.971866427882,16.6832635569081,5.72994771338085e-15
"Tb927.1.60","RNA polymerase (pseudogene), putative","overrepresented",84.5893353436941,4.78900299195202,29.2550216287892,4.70852088870591,243.561547884977,6.07216420689656,119.135301619154,5.18989602918483,21.3292045068545,5.89952167672832e-07
"Tb927.10.12050","hypothetical protein, conserved","overrepresented",11436.4781384674,139.479712140603,4729.56182998758,151.345314279833,12858.6170133393,121.443284137931,9674.88566059809,137.422770186122,73.0418826484659,1.73129779886029e-45
"Tb927.10.12130","hypothetical protein, conserved","overrepresented",349.635919420602,39.5092746836042,238.219461834426,35.6502295859162,845.301842659628,66.7938062758621,477.719074638219,47.3177701817941,9.39566227174964,2.93684648084363e-05
"Tb927.10.12370","gamma-glutamylcysteine synthetase (GCS)","overrepresented",20914.2432229765,66.4474165133343,9984.32095302533,66.5919382831264,42974.2860518229,67.8058336436782,24624.2834092749,66.948396146713,366.155384099833,1.50650475290281e-47
"Tb927.10.12780","Zinc finger CCCH domain-containing protein 37 (ZC3H37)","overrepresented",887.24813960497,140.078337514597,763.416754884594,142.600918343665,866.792567473008,132.575585183908,839.152487320857,138.41828034739,6.07518758180504,4.28906577276854e-22
"Tb927.10.13220","cyclophilin type peptidyl-prolyl cis-trans isomerase, putative (PPIase)","overrepresented",146.621514595737,29.9312686997001,140.702723071796,24.2152502847732,121.780773942489,29.3487936666667,136.36833720334,27.8317708837134,4.95284583816763,1.3267937379747e-09
"Tb927.10.1490","hypothetical protein, conserved","overrepresented",620.321792520424,135.289334522645,653.362149709625,138.565043296202,1167.66271486033,117.395174666667,813.782219030127,130.416517495171,6.41559321812852,6.75071275716937e-07
"Tb927.10.2830","hypothetical protein, conserved","overrepresented",15115.1743444143,278.360798907211,8587.04539618364,332.959691415632,27758.8528839496,256.042924057472,17153.6908748492,289.121138126772,62.8351810459803,7.7745525669723e-33
"Tb927.10.390","hypothetical protein, conserved","overrepresented",1849.68679951545,43.6996523015622,934.767595853216,51.1210839345213,694.866768965965,50.6013683908046,1159.77372144488,48.4740348756294,24.7816008932392,1.90092168659662e-16
"Tb927.10.5150","zinc finger protein family member, putative (ZC3H31)","overrepresented",479.3395669476,35.3188970656461,259.11590585499,25.5605419672606,265.052272698358,42.5051494482759,334.502581833649,34.4615294937276,9.98162259679591,3.65011692037725e-14
"Tb927.10.6850","mitochondrial RNA binding complex 1 subunit,mitochondrial edited mRNA stability factor 1 subunit,kinteoplast poly(A) polymerase complex 1 subunit","overrepresented",2501.96456316571,52.0804075374782,601.817587792234,55.1569589819835,3782.36756715494,52.6254231264368,2295.38323937096,53.2875965486328,43.6082695261882,1.62514757931441e-16
"Tb927.10.7150","hypothetical protein","overrepresented",1338.39126143801,86.8006792291303,398.425532658748,96.8610011390929,2757.97635105048,77.9261073218392,1498.26438171574,87.1959292300208,18.308235761313,8.897653631096e-10
"Tb927.10.7880","hypothetical protein, conserved","overrepresented",306.401370244937,6.58487911393403,103.089123834781,4.70852088870591,193.416523320423,4.04810947126437,200.969005800047,5.11383649130144,38.7348957591734,3.85471492816469e-12
"Tb927.10.9060","hypothetical protein, conserved","overrepresented",4688.12894104829,239.450149597601,1723.26008356249,269.05833649748,6561.8346430188,279.319553517242,4324.40788920986,262.609346537441,16.4919074494218,5.1654694330599e-15
"Tb927.10.9400","branch point binding protein, putative","overrepresented",375.95260152753,70.0391687572983,296.729505092004,69.2825216481012,680.539619090378,66.7938062758621,451.073908569971,68.7051655604205,6.61310089791215,2.54595175445959e-09
"Tb927.10.9720","RNA-editing-associated protein 1,RNA-binding protein,oligo (U) binding protein,RNA editing complex protein (REAP-1)","overrepresented",280.084688138009,40.1079000575982,398.425532658748,82.7354384729752,1081.69981560681,52.6254231264368,586.73667880119,58.4895872190034,10.7845459522938,9.69467622223458e-08
"Tb927.11.11435","dynein light chain lc6","overrepresented",129786.357099334,268.782792923307,35408.3278447112,246.188377895195,269808.886457053,273.247389310345,145001.190467033,262.739520042949,538.036456783114,1.02297987263066e-42
"Tb927.11.12380","hypothetical protein, conserved","overrepresented",12229.7381276905,44.8969030495502,6745.37212983796,51.1210839345213,24513.7534371292,60.7216420689656,14496.2878982192,52.246543017679,269.350660028938,2.22557258259405e-58
"Tb927.11.13090","elongation factor 1 gamma, putative","overrepresented",3973.81899814599,39.5092746836042,3225.017860507,24.8878961260169,6339.76381994721,45.5412315517242,4512.86689286673,36.6461341204484,123.123498105778,4.34391331218495e-61
"Tb927.11.13190","elongation factor 1 gamma, putative","overrepresented",3932.46421197796,31.1285194476881,3071.77727102286,37.6681671096473,6232.31019588031,42.5051494482759,4412.18389296038,37.1006120018704,118.167711590835,8.36023467389655e-65
"Tb927.11.15280","tRNA-sepcific adenosine deaminase (ADAT3)","overrepresented",1783.89509424813,18.5573865938141,505.693945297641,22.1973127610421,1762.23943469719,20.2405473563219,1350.60949141432,20.331748903726,68.6583828529995,4.9719888332903e-24
"Tb927.11.1810","hypothetical protein, conserved","overrepresented",891.007665620245,42.5024015535742,488.97679008119,26.905833649748,1239.29846423827,29.3487936666667,873.094306646568,32.9190096233296,27.1212972549067,5.10280000928279e-24
"Tb927.11.2350","hypothetical protein, conserved","overrepresented",216.172745878329,6.58487911393403,73.8341022059917,14.1255626661177,508.613820583335,17.2044652528736,266.206889555885,12.6383023443084,22.5395130976008,2.15081977855722e-07
"Tb927.11.290","phosphatase and tensin homologue, putative","overrepresented",718.069468917581,26.3395164557361,332.950008060982,33.6322920621851,78.799324315728,15.1804105172414,376.606267098097,25.0507396783875,14.1175425637239,1.76119788808527e-06
"Tb927.11.500","RNA-binding protein, UBP1 (UBP1)","overrepresented",58.2726532367671,9.57800598390404,75.2271984740293,12.1076251423866,494.286670707748,22.264602091954,209.262174139515,14.6500777394149,11.4992589363539,0.000319171323284774
"Tb927.11.5600","hypothetical protein, conserved","overrepresented",3738.84862219128,211.314757019883,1465.53727397553,174.887918723362,5358.3540534695,201.393446195403,3520.91331654544,195.865373979549,17.5598436790017,6.26009852172478e-16
"Tb927.11.590","hypothetical protein, conserved","overrepresented",212967.749950307,195.750497296039,52750.983285511,147.309439232371,476205.807564758,166.984515689655,247308.180266859,170.014817406022,1432.61590498715,2.04342758739807e-55
"Tb927.11.7475","hypothetical protein, conserved","overrepresented",11934.6153354914,261.000663061385,5010.96727613117,259.641294720069,14183.878376831,261.103060896552,10376.4869961512,260.581672892669,39.7829559883911,1.08565861525607e-37
"Tb927.2.2130","small GTP-binding protein RAB6, putative","overrepresented",332.718052351864,50.8831567894902,281.405446143591,58.520188188202,573.085995023476,52.6254231264368,395.736497839644,54.009589368043,7.41248727913011,9.52731433627616e-11
"Tb927.2.3780","translation initiation factor IF-2, putative","overrepresented",214.292982870692,38.3120239356161,334.343104329019,41.7040421571095,537.268120334509,53.6374504942529,361.968069178073,44.5511721956595,7.87568815725297,1.59550772511045e-10
"Tb927.2.5210","3-oxoacyl-ACP reductase, putative","overrepresented",25765.9115456892,477.703048447214,12333.0812609367,404.932796428708,35638.7853155224,386.594454505747,24579.2593740495,423.076766460556,58.8602278275254,6.8928692976807e-43
"Tb927.3.1610","protein kinase, putative","overrepresented",2430.53356887548,104.160815074956,1341.55170612019,104.932751234017,2492.92407835212,110.310983091954,2088.33645111593,106.468183133643,19.5727867320913,1.00380862016822e-27
"Tb927.3.2260","hypothetical protein, conserved","overrepresented",524.453879130904,85.6034284811423,855.361108575074,108.295980440236,2593.21412748123,108.286928356322,1324.34303839574,100.728779092567,12.6575119410694,2.73884822453683e-08
"Tb927.3.3370","hypothetical protein, conserved","overrepresented",317.679948290762,50.2845314154962,626.893320616911,57.8475423469583,415.48734639202,47.5652862873564,453.353538433231,51.8991200166036,8.62991170115977,1.85021722953513e-11
"Tb927.3.4030","hypothetical protein, conserved","overrepresented",3906.14752987103,132.894833026669,1663.35694403687,159.417064374757,6368.41811969838,140.671804126437,3979.30753120209,144.327900509288,28.3660762582217,6.08834510948217e-21
"Tb927.3.4930","hypothetical protein, conserved","overrepresented",1428.61988580461,63.4542896433642,774.561525028894,73.3183966955634,2163.39963121362,64.7697515402299,1455.52701401571,67.1808126263859,22.1599668540075,1.1113254260348e-22
"Tb927.3.5190","hypothetical protein, conserved","overrepresented",2174.88579983676,122.71820166877,1290.0071442028,122.421543106354,1977.14668283099,119.419229402299,1814.01320895685,121.519658059141,14.9387906892593,1.25794760354846e-32
"Tb927.3.5250","Zinc finger CCCH domain-containing protein 8 (ZC3H8)","overrepresented",866.570746520956,17.3601358458261,1512.90254708881,13.452916824874,4427.08931155636,17.2044652528736,2268.85420172204,16.0058393078579,139.899487387768,1.3671545235956e-20
"Tb927.4.1740","hypothetical protein, conserved","overrepresented",817.696908322377,50.8831567894902,466.687249792589,58.520188188202,343.851597014086,49.5893410229886,542.745251709684,52.9975620002269,10.3262932351717,8.48661211522936e-11
"Tb927.4.1910","hypothetical protein, conserved","overrepresented",3971.93923513835,39.5092746836042,1405.63413444992,59.1928340294457,6253.80092069369,51.6133957586207,3877.12476342732,50.1051681572235,81.8149164870312,9.46076245313052e-30
"Tb927.4.410","CAF 40 (CAF40)","overrepresented",1969.99163200425,284.347052647151,1426.53057847048,291.255649258523,2915.57499968194,303.608210344828,2104.03240338556,293.070304083501,7.14302385105632,4.86921140018033e-10
"Tb927.4.4540","hypothetical protein, conserved","overrepresented",13002.3207238296,253.817158573457,6865.17840888919,301.345336877178,16218.3336591644,267.175225103449,12028.6109306277,274.112573518028,44.9039546443593,2.10204042326105e-43
"Tb927.4.4810","hypothetical protein, conserved","overrepresented",196589.37486476,105.956691196938,53953.2253648274,102.242167869043,444693.241413404,123.467338873563,231745.280547664,110.555399313181,1994.92754522511,7.6512257230837e-58
"Tb927.4.890","small nuclear ribonucleoprotein SmD3, putative (SmD3)","overrepresented",2896.71479476961,131.69758227868,1195.27659797624,118.385668058891,5673.55135073242,138.647749390805,3255.18091449276,129.576999909459,24.3374269901559,3.67140806410771e-18
"Tb927.5.2620","hypothetical protein, conserved","overrepresented",667.315867711365,19.1560119678081,174.137033504697,32.9596462209414,759.338943406106,28.3367662988506,533.597281540723,26.8174748292,22.3053789636981,2.08448663329677e-10
"Tb927.5.3450","hypothetical protein, conserved","overrepresented",9844.31887099836,35.3188970656461,3091.28061877539,28.2511253322354,21999.3386339637,34.4089305057472,11644.9793745792,32.6596509678762,342.499286760622,6.94492164852181e-34
"Tb927.5.4150","hypothetical protein, conserved","overrepresented",404.149046642094,17.9587612198201,132.34414546357,16.8161460310925,902.610442161975,12.1443284137931,479.701211422547,15.6397452215686,34.8993221463354,1.29412282432261e-10
"Tb927.5.4370","hypothetical protein, conserved","overrepresented",1471.85443498028,35.9175224396401,656.1483422457,32.2870003796977,3531.64244433217,27.3247389310345,1886.54840718605,31.8430872501241,63.5160562098037,1.99483936848713e-19
"Tb927.6.1280","translation initiation factor EIF-2b alpha subunit, putative,eIF-2B GDP-GTP exchange factor","overrepresented",19355.9196896449,130.500331530693,9322.60022570748,123.094188947597,24628.3706361339,132.575585183908,17768.9635171621,128.723368554066,136.608290688299,1.82394249102492e-52
"Tb927.6.3980","hypothetical protein, conserved","overrepresented",603.403925451685,40.1079000575982,335.736200597057,35.6502295859162,508.613820583335,42.5051494482759,482.584648877359,39.4210930305967,12.1426514329335,3.89688045972538e-19
"Tb927.7.2780","hypothetical protein, conserved","overrepresented",249993.441911746,322.060451208773,110262.176518906,278.475378274892,411676.324525114,309.680374551724,257310.647651922,303.40540134513,833.846554527241,2.68537899928345e-94
"Tb927.7.4050","hypothetical protein, conserved","overrepresented",862.81122050568,101.167688204986,1335.97932104804,115.695084693917,4212.18206342255,90.0704357356323,2136.99086832542,102.311069544845,22.2804551483343,1.20575928749843e-08
"Tb927.7.5090","hypothetical protein, conserved","overrepresented",812.057619299464,68.2432926353163,530.769678122318,70.6278133305886,1361.07923818076,61.7336694367817,901.302178534179,66.8682584675622,13.8206909641093,1.7704531164088e-09
"Tb927.7.5360","hypothetical protein, conserved","overrepresented",526.333642138541,38.3120239356161,487.583693813153,39.0134587921347,766.5025183439,37.4450126091954,593.473284765198,38.2568317789821,15.5686652964195,5.56919626120853e-24
"Tb927.7.5460","exosome-associated protein 3,3' exoribonuclease, putative (EAP3)","overrepresented",17748.7223181147,304.700315362947,7812.48387115475,290.583003417279,28066.8866062748,317.776593494253,17876.0309318481,304.353304091493,57.8193388080372,8.97380740362894e-31
"Tb927.7.6190","hypothetical protein, conserved","overrepresented",128103.969207498,544.749090334542,44799.1897875525,511.883485186456,181546.4796485,490.833273390805,118149.87954785,515.821949637268,230.851260210789,1.99929717587259e-48
"Tb927.7.6490","hypothetical protein, conserved","overrepresented",116.545306473534,17.9587612198201,101.696027566743,15.4708543486051,336.688022076292,22.264602091954,184.976452038857,18.5647392201264,9.39504110617744,5.95324179142533e-06
"Tb927.7.710","heat shock 70 kDa protein, putative (HSP70)","overrepresented",3174.91971989999,190.961494304087,1834.70778500549,193.049356436942,2550.23267785447,167.996543057471,2519.95339425332,184.0024645995,13.7700214771717,1.18140074407939e-26
"Tb927.7.770","hypothetical protein, conserved","overrepresented",15263.6756220177,101.167688204986,4541.49383380251,106.278042916505,19828.7754278123,80.9621894252874,13211.3149612108,96.1359735155929,146.173740438341,1.13580447400101e-38
"Tb927.8.1930","hypothetical protein, conserved","overrepresented",253.768006031082,16.1628850978381,215.929921545825,12.1076251423866,315.197297262912,8.09621894252874,261.631741613273,12.1222430609178,24.1554305450256,3.28001842659315e-21
"Tb927.8.2391","hypothetical protein, conserved","overrepresented",4291.49894643675,399.283124454,2327.8638638908,402.242213063733,7965.89533082632,441.243932367817,4861.75271371796,414.256423295183,11.5294992911551,1.39812010113677e-12
"Tb927.8.3090","hypothetical protein, conserved","overrepresented",642.878948612076,51.4817821634842,256.329713318915,56.5022506644709,3467.17026989203,61.7336694367817,1455.45964394101,56.5725674215789,24.3958305453465,1.41748381377435e-07
"Tb927.8.3340","hypothetical protein, conserved","overrepresented",1934.27613485914,132.296207652675,1935.0107163042,123.766834788841,6848.37764053054,152.81613254023,3572.55483056463,136.293058327249,25.0232051053765,1.47555754590694e-15
"Tb927.8.3820","hypothetical protein, conserved","overrepresented",1176.73164278117,14.9656343498501,904.119477956389,11.4349793011429,2528.74195304109,17.2044652528736,1536.53102459288,14.5350263012889,101.558921557738,1.8909536319947e-39
"Tb927.8.3970","oxidoreductase, putative","overrepresented",772.582596139073,61.0597881473882,429.073650555575,86.0986676791937,472.795945894368,75.902052586207,558.150730863005,74.353502804263,7.95514166884454,3.46401841431182e-13
"Tb927.8.4200","hypothetical protein, conserved","overrepresented",699.271838841205,90.3924314730943,876.257552595638,93.4977719328744,1575.98648631456,108.286928356322,1050.5052925838,97.3923772540969,10.5539064089219,1.47555754590694e-15
"Tb927.8.4840","kinesin, putative","overrepresented",31.95597112984,6.58487911393403,19.5033477525261,4.03587504746221,236.397972947184,8.09621894252874,95.9524306098501,6.23899103464166,12.9613307544,0.000405709025654032
"Tb927.8.7790","hypothetical protein, conserved","overrepresented",947.400555849374,49.6859060415022,568.383277359333,55.8296048232272,1260.78918905165,65.781778908046,925.524340753452,57.0990965909251,16.1382363035955,9.49048164603852e-17
"Tb927.9.10850","hypothetical protein, conserved","overrepresented",2126.01196163818,175.995859954237,1595.09522690303,161.435001898488,1755.0758597594,189.249117781609,1825.39434943353,175.559993211445,10.4115055826706,1.12154086048626e-39
"Tb927.9.10930","hypothetical protein, conserved","overrepresented",34721.102514075,219.096886881805,13786.0806684999,283.856545004842,91027.5467345414,268.187252471265,46511.5766390388,257.04689478597,182.152893355005,3.37782885997798e-31
"Tb927.9.15020","hypothetical protein, conserved","overrepresented",3364.77578367139,49.0872806675082,1324.83455090374,56.5022506644709,5866.96787405284,39.4690673448276,3518.85940287599,48.3528662256022,80.213833055265,1.40928191310781e-28
"Tb927.9.2160","hypothetical protein, conserved","overrepresented",1654.19144672113,99.9704374569984,611.569261668497,123.094188947597,4319.63568748945,115.371119931035,2195.13213195969,112.81191544521,19.6521103893717,1.27278111775809e-09
"Tb927.9.2290","hypothetical protein, conserved","overrepresented",1018.83155013961,72.4336702532743,369.170511029959,67.2645841243701,630.394594525824,97.1546273103449,672.798885231796,78.9509605626631,8.68087388033687,1.26097936615753e-06
"Tb927.9.3480","U5Cwc21 small nuclear ribonucleoprotein (CWC21)","overrepresented",2122.2524356229,127.507204660722,791.278680245345,137.892397454959,2335.32542972067,128.527475712644,1749.61884852964,131.309025942775,13.5174693937981,2.95967573290102e-14
"Tb927.9.3820","syntaxin, putative","overrepresented",5776.51172247049,367.555979632317,1926.65213869597,349.775837446725,4025.92911503992,382.546345034483,3909.69765873546,366.626054037842,10.5827610923744,5.9924940547161e-14
"Tb927.9.4930","divalent cation transporter, putative","overrepresented",1742.5403080801,93.9841837170584,1349.91028372841,116.36773053516,2091.76388183569,115.371119931035,1728.07149121473,108.574344727751,16.0906355780377,2.9523243318588e-44
"Tb927.9.5220","conserved protein","overrepresented",16961.1016179145,316.074197468833,5811.99763025278,265.022461450018,22486.4617297337,311.704429287357,15086.520325967,297.600362735403,49.2441047752193,3.00675387995077e-30
"Tb927.9.7080","hypothetical protein, conserved","overrepresented",2240.67750510408,65.8487911393402,1698.18435073781,62.5560632356642,5014.50245645542,70.8419157471265,2984.45477076577,66.4155900407103,43.9862053599905,6.11096926860001e-26
"Tb927.9.7200","hypothetical protein, conserved","overrepresented",15295.6315931475,220.294137629793,8046.52404418506,247.533669577682,32916.6268391609,222.64602091954,18752.9274921645,230.157942709005,83.2608079572966,8.31805471418861e-36
"Tb927.9.7820","hypothetical protein, conserved","overrepresented",1421.10083377406,19.7546373418021,536.342063194468,17.4887918723362,3094.66437312677,13.1563557816092,1684.03575669843,16.7999283319158,112.609115023254,1.1113254260348e-22
"Tb927.9.8100","nascent polypeptide associated complex subunit, putative","overrepresented",2032.0238112563,140.078337514597,743.913407132068,147.982085073614,1676.27653544367,126.503420977012,1484.07125127734,138.187947855074,10.9280762434166,1.05342339754568e-14
"Tb927.9.8130","nascent polypeptide associated complex subunit, putative","overrepresented",1956.83329095079,140.676962888591,713.265289235241,154.035897644808,1418.3878376831,125.491393609196,1362.82880595638,140.068084714198,9.94776753509142,8.8159300904138e-13
