"Gene","Description","Phenotype","Treated_OldMP_1","Untreated_OneTX_1","Treated_OldMP_2","Untreated_OneTX_2","Treated_OldMP_3","Untreated_OneTX_3","TreatedAvg","UntreatedAvg","FoldChange","padj"
"Tb927.1.4400","hypothetical protein, conserved","overrepresented",48.7205720104725,1.8101958692385,49.3993132313799,10.9532046616274,41.1079578748973,5.44282548264761,46.4092810389166,6.06874200450451,12.9924168467875,0.000185822446157284
"Tb927.10.10320","Dynein light chain Tctex-type, putative","overrepresented",39.0389198801863,8.14588141157324,56.5933879738139,14.0826917078067,59.2438216432344,13.0627811583543,51.6253764990782,11.7637847592447,4.44881215220601,0.000347877018065672
"Tb927.10.11000","hypothetical protein, conserved","overrepresented",65.2730740396715,5.43058760771549,56.5933879738139,0.782371761544816,62.2664656046239,5.44282548264761,61.3776425393698,3.88526161730264,31.9317653118976,2.57832146469842e-09
"Tb927.10.11150","hypothetical protein, conserved","overrepresented",127.73534584797,0.905097934619249,132.370975260785,32.8596139848823,126.346517586081,4.35426038611809,128.817612898279,12.7063241018732,58.0579642215739,0.0180838017901343
"Tb927.10.11690","hypothetical protein, conserved","overrepresented",31.5434472631905,1.8101958692385,32.1335338495384,0.782371761544816,33.2490835752846,6.53139057917713,32.3086882293378,3.04131940332015,21.1960141376514,6.91158888080722e-05
"Tb927.10.12430","hypothetical protein, conserved","overrepresented",32.1680699812735,0.905097934619249,31.6539288667095,0.782371761544816,38.0853139135078,6.53139057917713,33.9691042538303,2.7396200917804,27.2770123862088,0.00012336524191882
"Tb927.10.12530","chaperone protein DNAj, putative","overrepresented",115.867514204393,2.71529380385775,104.553886256707,21.12403756171,103.978952271799,5.44282548264761,108.133450910966,9.76071894940513,22.2418535208637,8.68630713006984e-05
"Tb927.10.13450","hypothetical protein, conserved","overrepresented",229.548848895496,3.62039173847699,184.647918389139,10.9532046616274,212.794134881821,46.8082991507694,208.996967388819,20.4606318502913,28.2694632947044,0.000178799476111763
"Tb927.10.1400","hypoxanthine-guanine phosphoribosyltransferase (HGPRT)","overrepresented",29.9818904679831,2.71529380385775,25.8986690727623,0.782371761544816,35.6671987443962,7.61995567570665,30.5159194283805,3.7058737470364,16.2751287678702,0.000325743852814848
"Tb927.10.1880","hypothetical protein, conserved","overrepresented",142.101668363878,1.8101958692385,165.94332405881,17.9945505155308,144.482381354419,6.53139057917713,150.842457925702,8.77871232131546,36.6146025786212,0.000835246558032233
"Tb927.10.230","proteasome subunit alpha type-5, putative,20S proteasome subunit alpha 5, putative","overrepresented",41.5374107525182,2.71529380385775,47.9604982828931,3.12948704617926,41.1079578748973,6.53139057917713,43.5352889701029,4.12539047640471,12.3056118151888,1.06849801291249e-06
"Tb927.10.5540","hypothetical protein, conserved","overrepresented",49.9698174466385,0.905097934619249,76.736797252629,1.56474352308963,62.2664656046239,6.53139057917713,62.9910267679638,3.000410678962,37.9279480150304,2.64974103841194e-09
"Tb927.10.5880","Proteophosphoglycan, putative","overrepresented",42.7866561886842,5.43058760771549,35.4907687293409,1.56474352308963,29.6219108216172,2.17713019305904,35.9664452465474,3.05748710795472,14.7220981846703,0.000407137968023154
"Tb927.10.690","palmitoyl acyltransferase 3, putative","overrepresented",31.5434472631905,2.71529380385775,24.9394591071044,2.34711528463445,39.2943714980636,9.79708586876569,31.9257592894529,4.95316498575263,8.75111899730546,0.000554287921021861
"Tb927.10.7940","methyltransferase, putative","overrepresented",133.669261669758,0.905097934619249,109.829541067825,7.82371761544816,122.114816040136,8.70852077223617,121.87120625924,5.81244544076786,58.5817789220546,1.86518248378926e-07
"Tb927.10.8210","KREPA2,RNA-editing complex protein (KREPA2)","overrepresented",19.9879269786554,3.62039173847699,26.3782740555912,6.25897409235853,32.0400259907288,5.44282548264761,26.1354090083251,5.10739710449438,5.20735167020795,0.00317706691028698
"Tb927.10.8980","hypothetical protein, conserved","overrepresented",50.906751523763,4.52548967309624,55.1545730253271,11.7355764231722,57.4302352664007,11.9742160618247,54.4971866051636,9.41176071936441,6.91494238795479,1.86402240401629e-05
"Tb927.10.9740","proteasome regulatory ATPase subunit 6,19S proteasome regulatory subunit (RPT6)","overrepresented",29.0449563908586,0.905097934619249,31.1743238838805,1.56474352308963,29.6219108216172,5.44282548264761,29.9470636987854,2.6375556467855,19.1519133618435,2.03072366748642e-05
"Tb927.10.9990","hypothetical protein, conserved","overrepresented",33.105004058398,0.905097934619249,33.0927438151963,0.782371761544816,26.5992668602277,5.44282548264761,30.9323382446073,2.37676505960389,27.9203893524431,1.89935221137501e-05
"Tb927.11.10480","hypothetical protein, conserved","overrepresented",26.5464655185267,0.905097934619249,23.9802491414466,1.56474352308963,33.2490835752846,5.44282548264761,27.9252660784193,2.6375556467855,16.9213608810239,6.52136273598713e-05
"Tb927.11.10540","hypothetical protein, conserved","overrepresented",33.105004058398,4.52548967309624,34.5315587636831,5.47660233081371,45.3396594208426,8.70852077223617,37.6587407476412,6.23687092538204,6.27562535955446,0.00408823823337262
"Tb927.11.12430","cell division cycle phosphatase 14, putative","overrepresented",23.1110405690703,0.905097934619249,15.8269644333547,3.12948704617926,30.830968406173,7.61995567570665,23.2563244695327,3.88484688550172,11.5459158541517,0.0166055482802699
"Tb927.11.13130","membrane-bound acid phosphatase 1 precursor (MBAP1)","overrepresented",79.3270851965386,2.71529380385775,76.2571922698001,3.12948704617926,67.1026959428471,11.9742160618247,74.2289911363953,5.93966563728725,19.7287212177353,4.17187213678288e-07
"Tb927.11.14490","RNA polymerase subunit, putative (RPB7)","overrepresented",49.032883369514,1.8101958692385,51.3177331626957,5.47660233081371,52.5940049281775,9.79708586876569,50.9815404867957,5.6946280229393,13.9419168994836,6.48908325584775e-07
"Tb927.11.15160","hypothetical protein, conserved","overrepresented",48.0959492923895,0.905097934619249,60.4302278364453,0.782371761544816,50.1758897590658,6.53139057917713,52.9006889626336,2.7396200917804,46.0203329864535,2.64137980616294e-08
"Tb927.11.15650","poly(A) polymerase, putative","overrepresented",93.3810963534057,0.905097934619249,116.064405844601,8.60608937699297,105.792538648633,8.70852077223617,105.07934694888,6.07323602794946,42.9356143410529,9.95551797150633e-08
"Tb927.11.16570","ATP-dependent DEAD/H RNA helicase, putative","overrepresented",30.9188245451076,1.8101958692385,38.3683986263145,3.91185880772408,27.8083244447835,5.44282548264761,32.3651825387352,3.72162671987006,10.6659242347377,2.82212882324492e-05
"Tb927.11.16920","hypothetical protein, conserved","overrepresented",173.332804268027,6.33568554233474,189.443968217428,43.0304468849649,191.635627152095,10.8856509652952,184.804133212517,20.0839277975316,16.4550527102731,0.00149301980134866
"Tb927.11.2160","hypothetical protein, conserved","overrepresented",34.0419381355225,1.8101958692385,26.8578790384202,4.6942305692689,48.96683217451,8.70852077223617,36.6222164494842,5.07098240358119,10.0499985749701,0.000272887141451304
"Tb927.11.2420","hypothetical protein, conserved","overrepresented",61.8376490902151,1.8101958692385,69.0631175273661,12.5179481847171,65.2891095660134,6.53139057917713,65.3966253945316,6.95317821104423,16.5580271474878,0.000193064753439934
"Tb927.11.3960","hypothetical protein, conserved","overrepresented",107.122796151231,1.8101958692385,100.237441411247,3.91185880772408,114.255941740523,10.8856509652952,107.205393101,5.5359018807526,31.7658225869866,6.64160459914107e-12
"Tb927.11.4070","hypothetical protein","overrepresented",67.1469421939205,0.905097934619249,61.8690427849321,11.7355764231722,63.4755231891797,6.53139057917713,64.1638360560108,6.39068831232287,29.7259803935093,3.09974373759182e-05
"Tb927.11.6010","conserved protein, unknown function","overrepresented",96.8165213028621,2.71529380385775,95.9209965657863,17.2121787539859,109.4197114023,13.0627811583543,100.71907642365,10.9967512387327,16.5351021664267,9.1820818348194e-06
"Tb927.11.690","hypothetical protein, conserved","overrepresented",47.4713265743066,0.905097934619249,48.4401032657221,7.82371761544816,39.2943714980636,5.44282548264761,45.0686004460308,4.72388034423834,21.9532507605501,0.000435830115391632
"Tb927.11.8890","DNA-dependent RNA polymerases, putative (RPC19)","overrepresented",148.972518262791,8.14588141157324,156.830829385061,10.9532046616274,139.646151016195,27.214127413238,148.483166221349,15.4377378288129,12.5792408898135,2.15068698805519e-06
"Tb927.11.9405","hypothetical protein, Tryp Specific","overrepresented",61.5253377311736,1.8101958692385,73.8591673556554,0.782371761544816,84.0295021266283,9.79708586876569,73.1380024044858,4.12988449984967,45.6564647427413,1.84837085223568e-07
"Tb927.11.9490","hypothetical protein, conserved","overrepresented",63.0868945263811,1.8101958692385,51.3177331626957,1.56474352308963,58.6392928509565,5.44282548264761,57.6813068466777,2.93925495832525,26.1402703528217,8.10342139938972e-10
"Tb927.2.2440","proteasome regulatory non-ATPase subunit 6 (RPN6)","overrepresented",39.0389198801863,1.8101958692385,38.8480036091434,5.47660233081371,51.9894761358996,7.61995567570665,43.2921332084098,4.96891795858629,11.8274618695073,2.2348318656486e-05
"Tb927.2.3340","hypothetical protein","overrepresented",166.149643010073,7.24078347695399,213.424217358874,33.6419857464271,187.40392560615,7.61995567570665,188.992595325032,16.1675749663626,17.9613935342693,0.000488574986533002
"Tb927.3.1240","protein phosphatase 2A, putative","overrepresented",111.182843818771,3.62039173847699,106.472306188023,0.782371761544816,85.2385597111842,5.44282548264761,100.964569905993,3.28186299422314,60.8200119990891,5.91079672212154e-14
"Tb927.3.2200","hypothetical protein, conserved","overrepresented",69.3331217072109,1.8101958692385,82.4920570465762,8.60608937699297,64.0800519814576,7.61995567570665,71.9684102450816,6.01208030731271,18.7654214933036,4.87854790451115e-09
"Tb927.3.3280","vacuolar protein sorting-associated protein 4, putative (VPS4)","overrepresented",50.28212880568,1.8101958692385,47.4808933000642,0.782371761544816,47.7577745899542,6.53139057917713,48.5069322318995,3.04131940332015,31.9258724031627,1.93876460649538e-07
"Tb927.3.4560","SNF1/AMP-activated kinase catalytic subunit, putative","overrepresented",48.7205720104725,1.8101958692385,61.3894378021032,10.9532046616274,68.9162823196808,7.61995567570665,59.6754307107522,6.79445206885752,13.854471917093,6.91158888080722e-05
"Tb927.3.5160","hypothetical protein, conserved","overrepresented",22.4864178509873,0.905097934619249,17.2657793818415,3.12948704617926,22.9720941065603,5.44282548264761,20.9080971131297,3.15913682114871,11.5273096385838,0.00210748389929099
"Tb927.3.5350","hypothetical protein, conserved","overrepresented",173.95742698611,0.905097934619249,154.432804470916,24.2535246078893,200.099030243986,13.0627811583543,176.163087233671,12.7404679002876,71.2943488846104,1.25952635220063e-05
"Tb927.4.2030","ALBA-Domain Protein (ALBA4)","overrepresented",137.416997978256,1.8101958692385,175.535423715389,14.0826917078067,181.358637683371,17.4170415444723,164.770353125672,11.1033097071725,32.9300373657327,5.3849810669187e-10
"Tb927.4.2900","hypothetical protein, conserved","overrepresented",60.9007150130907,1.8101958692385,81.0532420980894,1.56474352308963,50.1758897590658,6.53139057917713,64.043282290082,3.30210999050175,31.0417096016262,4.17549185399181e-06
"Tb927.4.3190","ubiquitin-conjugating enzyme e2, putative,ubiquitin carrier protein, putative,ubiquitin-protein ligase, putative","overrepresented",51.2190628828045,2.71529380385775,49.3993132313799,3.12948704617926,47.1532457976763,8.70852077223617,49.2572073039536,4.85110054075773,13.3543001995783,1.07211229298866e-06
"Tb927.4.3320","uracil phosphoribosyltransferase, putative","overrepresented",221.428753560417,1.8101958692385,193.760413062888,28.9477551771582,191.635627152095,8.70852077223617,202.274931258467,13.155490606211,50.3406914102623,2.32255146061287e-06
"Tb927.5.1570","zinc finger CCCH domain containing protein 12 (ZC3H12)","overrepresented",184.263701834479,0.905097934619249,212.465007393217,1.56474352308963,214.607721258655,7.61995567570665,203.778810162117,3.36326571113851,122.510272279528,4.89752132968039e-20
"Tb927.5.2650","L-galactonolactone oxidase,D-arabinonolactone oxidase (GAL/ALO)","overrepresented",36.8527403668959,6.33568554233474,35.4907687293409,1.56474352308963,42.921544251731,3.26569528958856,38.4216844493226,3.72204145167098,13.8804581729753,1.52007014081138e-05
"Tb927.5.3530","hypothetical protein, conserved","overrepresented",47.1590152152651,1.8101958692385,38.8480036091434,7.82371761544816,48.96683217451,6.53139057917713,44.9912836663062,5.38843468795459,12.8381509426394,9.26327964114999e-06
"Tb927.5.4020","hypothetical protein","overrepresented",39.3512312392278,0.905097934619249,29.7355089353937,6.25897409235853,48.3623033822321,9.79708586876569,39.1496811856179,5.65371929858116,17.7215250861812,0.000257645114350551
"Tb927.5.850","hypothetical protein, conserved","overrepresented",53.7175537551364,9.95607728081174,49.3993132313799,9.38846113853779,49.5713609667879,3.26569528958856,50.8960759844348,7.53674456964603,8.61219296156074,1.83742834187892e-06
"Tb927.6.1610","ribosomal RNA adenine dimethylase family protein, conserved","overrepresented",44.0359016248502,0.905097934619249,47.0012883172353,9.38846113853779,55.616648889567,3.26569528958856,48.8846129438841,4.51975145424853,23.5633470879164,1.41998657422596e-05
"Tb927.6.2490","hypothetical protein, conserved","overrepresented",21.5494837738628,0.905097934619249,23.5006441586176,2.34711528463445,32.6445547830067,6.53139057917713,25.8982275718291,3.26120126614361,12.9398914904254,0.00106943902058731
"Tb927.6.3000","fatty acid desaturase, putative,sphingolipid delta 4 desaturase, putative","overrepresented",86.8225578135344,4.52548967309624,93.0433666688127,14.8650634693515,105.792538648633,11.9742160618247,95.2194877103266,10.4549230680908,11.4264850799476,6.14348721336742e-09
"Tb927.6.830","hypothetical protein, conserved","overrepresented",22.1741064919458,0.905097934619249,30.6947189010516,3.91185880772408,22.3675653142824,5.44282548264761,25.0787969024266,3.41992740833031,12.1517519275857,0.000749890525729308
"Tb927.7.1760","hypothetical protein, conserved","overrepresented",54.0298651141779,0.905097934619249,62.3486477677611,12.5179481847171,73.752512657904,11.9742160618247,63.377008513281,8.46575406038701,23.611688545148,0.0035567897590969
"Tb927.7.200","hypothetical protein, conserved","overrepresented",124.612232257555,2.71529380385775,116.064405844601,8.60608937699297,112.44235536369,9.79708586876569,117.706331155282,7.03948968320547,23.6187198862474,2.69339406714527e-14
"Tb927.7.3360","farnesyl pyrophosphate synthase (FPPS)","overrepresented",16.552502029199,0.905097934619249,24.4598541242755,0.782371761544816,22.9720941065603,5.44282548264761,21.3281500866783,2.37676505960389,17.9241402755999,0.00121107029336907
"Tb927.7.3700","hypothetical protein, conserved","overrepresented",137.729309337297,2.71529380385775,103.594676291049,12.5179481847171,126.951046378359,13.0627811583543,122.758344002235,9.43200771564302,22.9059203174625,1.84910491568212e-09
"Tb927.7.3920","hypothetical protein, conserved","overrepresented",78.0778397603726,1.8101958692385,54.6749680424982,1.56474352308963,48.3623033822321,9.79708586876569,60.3717037283676,4.39067508703127,27.6701551582839,0.000113446795322718
"Tb927.7.4280","hypothetical protein, conserved","overrepresented",84.6363783002439,7.24078347695399,117.023615810259,24.2535246078893,123.323873624692,21.7713019305904,108.327955911732,17.7552033384779,7.39279091700901,3.04836530487471e-06
"Tb927.7.4390","threonine synthase, putative","overrepresented",89.0087373268248,0.905097934619249,75.2979823041422,14.8650634693515,100.351779518132,4.35426038611809,88.2194997163662,6.70814059669628,42.1512631464474,1.13445277449445e-05
"Tb927.7.4730","pumilio/PUF RNA binding protein 5","overrepresented",94.3180304305301,0.905097934619249,88.2473168405234,3.12948704617926,80.4023293729609,6.53139057917713,87.6558922146715,3.52199185332521,48.2387776944587,1.25149270335141e-11
"Tb927.7.5390","hypothetical protein, conserved","overrepresented",31.855758622232,0.905097934619249,36.9295836778277,3.91185880772408,43.5260730440089,9.79708586876569,37.4371384480229,4.87134753703634,16.3597000106315,0.000171878375411516
"Tb927.7.5720","hypothetical protein, conserved","overrepresented",142.726291081961,24.4376442347197,153.473594505258,14.8650634693515,128.764632755193,7.61995567570665,141.654839447471,15.6408877932593,11.0210736521209,1.11294384957697e-05
"Tb927.8.1320","hypothetical protein, conserved","overrepresented",196.443844837098,46.1599946655817,190.882783165915,35.2067292695167,192.844684736651,9.79708586876569,193.390437579888,30.387936601288,9.78712282511306,0.00386604832801582
"Tb927.8.1500","hypothetical protein, conserved","overrepresented",54.0298651141779,0.905097934619249,60.4302278364453,14.0826917078067,57.4302352664007,9.79708586876569,57.2967760723413,8.26162517039721,23.2827063225838,0.00149301980134866
"Tb927.8.1680","kinetoplastid kinetochore protein 12 (kkt12)","overrepresented",15.303256593033,0.905097934619249,25.4190640899334,6.25897409235853,23.5766228988382,3.26569528958856,21.4329811939349,3.47658910552211,9.39618179043601,0.00326725250007181
"Tb927.8.4330","small GTP-binding protein Rab11,Rab11A GTPase (RAB11)","overrepresented",207.062431044508,4.52548967309624,171.218978869928,1.56474352308963,145.086910146696,29.3912576062971,174.456106687044,11.8271636008277,53.3713765408087,0.000402565172518514
"Tb927.8.6650","RNA-binding protein, putative (DRBD12)","overrepresented",16.552502029199,0.905097934619249,26.8578790384202,1.56474352308963,26.5992668602277,5.44282548264761,23.3365493092823,2.6375556467855,13.4465027619206,0.00278679761716304
"Tb927.8.7170","inositol polyphosphate 1-phosphatase, putative","overrepresented",40.2881653163523,4.52548967309624,47.0012883172353,11.7355764231722,36.2717275366741,4.35426038611809,41.1870603900872,6.87177549412886,7.07923138003973,0.000488574986533002
"Tb927.8.7190","hypothetical protein","overrepresented",143.350913800044,1.8101958692385,104.553886256707,7.04134585390334,132.391805508861,6.53139057917713,126.765535188537,5.12764410077299,38.1031584308372,3.14014278560898e-14
"Tb927.9.10670","Bardet-Biedl syndrome 1 protein homolog (BBS1-like protein 1), putative","overrepresented",28.4203336727756,0.905097934619249,31.6539288667095,1.56474352308963,32.0400259907288,5.44282548264761,30.7047628434046,2.6375556467855,19.1721355731931,2.31901375769983e-05
"Tb927.9.10790","hypothetical protein","overrepresented",104.936616637941,2.71529380385775,85.8492919263787,18.7769222770756,88.2612036725737,4.35426038611809,93.0157040789644,8.61549215568381,21.1628829526987,4.51482229306001e-05
"Tb927.9.11700","hypothetical protein, conserved","overrepresented",65.585385398713,1.8101958692385,61.8690427849321,3.12948704617926,81.0068581652388,5.44282548264761,69.487095449628,3.46083613268846,23.6280141457396,3.05940456845574e-11
"Tb927.9.13610","helicase, putative","overrepresented",61.5253377311736,3.62039173847699,93.0433666688127,17.9945505155308,96.7246067644643,19.5941717375314,83.7644370548169,13.736371330513,9.03371625645585,0.00030461191700548
"Tb927.9.15870","hypothetical protein","overrepresented",63.0868945263811,3.62039173847699,66.6650926132215,3.91185880772408,68.3117535274029,8.70852077223617,66.0212468890018,5.41359043947908,14.1038234838027,1.52920738528737e-07
"Tb927.9.2130","hypothetical protein, conserved","overrepresented",102.438125765609,1.8101958692385,104.074281273878,7.04134585390334,110.628768986856,23.9484321236495,105.713725342114,10.9333246155971,25.3298121409929,0.00017404739681891
"Tb927.9.920","hypothetical protein","overrepresented",24.6725973642778,2.71529380385775,34.0519537808541,1.56474352308963,35.0626699521183,7.61995567570665,31.2624070324167,3.96666433421801,11.8166533024429,0.000265834069900901
